{
  "brain-diffuser": {
    "pixcorr": 0.006184800148944953,
    "ssim": 0.023463846184313297
  }
}