{
  "brain-diffuser": {
    "pixcorr": 0.04542100363060279,
    "ssim": 0.19150991409318996
  }
}